member_id,first_name,last_name,gender,email,phone,address,status
1,Vincenty,Wallis,M,vwallis0@unc.edu,947-694-0515,9 Paget Place,false
2,Ham,Mendenhall,M,hmendenhall1@ow.ly,433-280-0550,4 Spenser Road,false
3,Dorisa,Sweedy,F,dsweedy2@mozilla.com,430-755-7236,70224 Oak Circle,false
4,Raphael,Echlin,M,rechlin3@comsenz.com,821-285-5198,209 Sachs Center,true
5,Ogdon,Hallagan,M,ohallagan4@twitter.com,948-816-4527,33 Schurz Park,false
6,Horton,Arnot,M,harnot5@joomla.org,162-239-8470,8497 Main Way,true
7,Eartha,Dahlback,F,edahlback6@yandex.ru,509-114-1577,733 Larry Crossing,false
8,Hilary,Bernhardsson,M,hbernhardsson7@goo.gl,485-344-6378,65 Victoria Parkway,true
9,Jaime,Cantopher,M,jcantopher8@taobao.com,792-435-4180,265 Morningstar Crossing,true
10,Flora,Raimbauld,F,fraimbauld9@tinypic.com,125-926-6548,68248 Chive Circle,true
11,Fairfax,Sebring,M,fsebringa@freewebs.com,897-239-4524,3 Saint Paul Place,true
12,Salome,Spawell,F,sspawellb@mlb.com,657-940-8585,66831 Michigan Center,true
13,Onofredo,Marquot,M,omarquotc@geocities.com,232-744-1581,449 Lighthouse Bay Plaza,false
14,Annabell,Fallon,F,afallond@ucoz.ru,480-467-0628,3 Nobel Court,false
15,Buffy,Abramamov,F,babramamove@bravesites.com,463-861-9419,15769 Oxford Alley,true
16,Saunder,Yanyshev,M,syanyshevf@zdnet.com,824-885-5037,524 Sunfield Circle,false
17,Sukey,Garatty,F,sgarattyg@patch.com,893-326-4512,66 Hagan Court,true
18,Coleman,Pomery,M,cpomeryh@weibo.com,912-617-3782,99 Division Hill,true
19,Luce,Presland,M,lpreslandi@pagesperso-orange.fr,129-263-0213,9 Stone Corner Circle,false
20,Ronnica,Sybbe,F,rsybbej@engadget.com,266-850-5190,95794 Bultman Junction,false
21,Rocky,Ivanchikov,M,rivanchikovk@netscape.com,295-155-0599,82008 Merry Point,true
22,Annabella,Lindenbaum,F,alindenbauml@tumblr.com,355-939-6529,1603 Walton Road,false
23,Egon,Fellman,M,efellmanm@usgs.gov,266-893-3094,04842 Shelley Circle,true
24,Deane,Garfoot,M,dgarfootn@cyberchimps.com,929-177-3444,4773 Macpherson Terrace,false
25,Lenard,Meynell,M,lmeynello@mozilla.org,540-854-0300,78625 Green Court,true
26,William,Edens,M,wedensp@fema.gov,814-386-5175,3 Randy Court,true
27,Jessy,Stegers,F,jstegersq@ibm.com,814-704-9781,3 Maple Wood Way,false
28,Felice,Shrieves,M,fshrievesr@usa.gov,393-821-4216,61085 4th Circle,true
29,Phedra,Ledgerton,F,pledgertons@kickstarter.com,774-317-2895,467 Kropf Plaza,true
30,Phelia,Beeken,F,pbeekent@lycos.com,661-863-4331,032 Kipling Street,true
31,Kacy,Ravenscraft,F,kravenscraftu@1und1.de,366-696-2525,45 Ridge Oak Road,false
32,Marty,Dodswell,M,mdodswellv@trellian.com,223-387-9453,65 Loomis Trail,true
33,Wainwright,Matusov,M,wmatusovw@wp.com,695-120-1542,13494 Summit Way,true
34,Mahala,Bansal,F,mbansalx@mapy.cz,380-833-0396,7364 Blue Bill Park Lane,true
35,Reade,Gabb,M,rgabby@gov.uk,610-592-6695,229 Menomonie Park,true
36,Beret,Twamley,F,btwamleyz@businesswire.com,507-523-0111,27010 Bluejay Street,false
37,Ignacius,Bitcheno,M,ibitcheno10@purevolume.com,694-677-1065,41 Northview Pass,true
38,Carlina,Cherrison,F,ccherrison11@acquirethisname.com,284-766-1897,78 Red Cloud Center,true
39,Mildrid,Odcroft,F,modcroft12@cbc.ca,907-157-4021,19680 Monterey Lane,true
40,Daryle,Tipling,M,dtipling13@blogtalkradio.com,870-436-5801,83 Sommers Court,true
41,Car,Verissimo,M,cverissimo14@elpais.com,284-781-4110,9012 Bartelt Road,true
42,Dody,Boteman,F,dboteman15@fema.gov,981-434-0907,221 Northport Way,false
43,Amelia,Catford,F,acatford16@cnbc.com,874-713-9112,516 Cardinal Avenue,false
44,Alard,Dorman,M,adorman17@themeforest.net,507-950-5292,75 Wayridge Hill,false
45,Gannon,Gaynes,M,ggaynes18@mac.com,841-387-3052,54643 Independence Parkway,true
46,Arnoldo,Wiffler,M,awiffler19@rambler.ru,947-714-5400,0220 Carpenter Place,true
47,Prudi,Oswell,F,poswell1a@is.gd,967-793-3669,93 Spohn Terrace,false
48,Decca,Archley,M,darchley1b@mit.edu,328-712-6778,06533 Fallview Way,true
49,Nixie,Semiraz,F,nsemiraz1c@microsoft.com,338-659-4672,12786 Bobwhite Way,true
50,Alyce,Tiffin,F,atiffin1d@bravesites.com,929-494-5347,6937 Canary Alley,true
51,Rem,Sambeck,M,rsambeck1e@indiatimes.com,796-342-3601,9577 Evergreen Avenue,false
52,Archibold,Lorroway,M,alorroway1f@phpbb.com,783-778-0397,730 Rockefeller Terrace,true
53,Tuesday,Korneev,F,tkorneev1g@msn.com,762-761-8419,8 Artisan Road,true
54,Garfield,Fisbburne,M,gfisbburne1h@issuu.com,182-679-3371,96313 Gale Junction,true
55,Alexis,Castano,F,acastano1i@live.com,270-993-9091,242 Valley Edge Pass,true
56,Debbie,Lukacs,F,dlukacs1j@so-net.ne.jp,610-857-8475,84576 Eastlawn Lane,true
57,Cassey,Broadbere,F,cbroadbere1k@devhub.com,243-630-0688,0692 Arapahoe Alley,false
58,Tootsie,Banck,F,tbanck1l@bloomberg.com,142-868-0812,29040 Quincy Court,false
59,Hank,Gambie,M,hgambie1m@nhs.uk,388-337-9517,173 Birchwood Way,false
60,Giselle,Upward,F,gupward1n@livejournal.com,670-710-4110,0472 Lighthouse Bay Crossing,true
61,Conn,Borg-Bartolo,M,cborgbartolo1o@xing.com,344-185-7750,06974 Gale Place,true
62,Angelina,Groger,F,agroger1p@skyrock.com,392-220-5495,12557 Toban Pass,true
63,Charlot,Geffe,F,cgeffe1q@si.edu,122-522-6574,32 Sauthoff Park,false
64,Cathi,Colman,F,ccolman1r@time.com,671-252-9289,72446 Ilene Alley,true
65,Erroll,Willcot,M,ewillcot1s@reverbnation.com,998-811-8475,8203 5th Crossing,true
66,Karleen,Zavattieri,F,kzavattieri1t@360.cn,492-459-2282,646 Fieldstone Park,false
67,Gypsy,Sandell,F,gsandell1u@list-manage.com,554-996-0749,8 School Center,false
68,Harriette,Amorts,F,hamorts1v@vistaprint.com,109-766-3639,2658 Elka Terrace,true
69,Haze,Fley,M,hfley1w@dyndns.org,744-378-0614,0 Tennyson Street,true
70,Prudence,Eveque,F,peveque1x@miibeian.gov.cn,209-226-6916,46953 Pearson Trail,true
71,Niel,Macveigh,M,nmacveigh1y@squarespace.com,696-492-2672,87 Tennessee Road,false
72,Tuesday,Silverson,F,tsilverson1z@ox.ac.uk,442-902-0655,6047 Mandrake Street,false
73,Ame,Filpi,F,afilpi20@msn.com,202-326-8989,3027 New Castle Trail,false
74,Iver,Pentecust,M,ipentecust21@soundcloud.com,741-172-5954,01 Crescent Oaks Terrace,true
75,Emyle,Jorge,F,ejorge22@hostgator.com,942-439-6867,08289 Hauk Place,false
76,Brietta,Yea,F,byea23@sakura.ne.jp,840-114-1920,3 Sutteridge Hill,false
77,Chloe,Tofanelli,F,ctofanelli24@scientificamerican.com,961-307-6000,65 Corry Point,false
78,Charles,Lemarie,M,clemarie25@over-blog.com,710-556-8667,9767 Welch Crossing,false
79,Angel,Ferries,F,aferries26@amazonaws.com,704-551-6578,2495 Mariners Cove Center,false
80,Augustin,Cahen,M,acahen27@sciencedaily.com,857-831-7029,6 Delladonna Plaza,true
81,Coop,Hamsher,M,chamsher28@berkeley.edu,625-724-0482,29 Columbus Plaza,true
82,Nan,Vellacott,F,nvellacott29@accuweather.com,967-549-3626,804 East Avenue,true
83,Liva,Reiner,F,lreiner2a@over-blog.com,721-269-7532,6285 Norway Maple Hill,true
84,Cacilia,Simion,F,csimion2b@skyrock.com,509-488-6838,735 Old Gate Junction,true
85,Alameda,Antonoczyk,F,aantonoczyk2c@epa.gov,427-775-7480,07 Esch Avenue,false
86,Charlotte,Naismith,F,cnaismith2d@diigo.com,801-784-2295,5 Esch Park,true
87,Justus,Anwell,M,janwell2e@google.nl,859-130-3615,8105 Del Sol Hill,false
88,Jourdan,Seiller,F,jseiller2f@photobucket.com,976-136-3537,15087 Brickson Park Place,true
89,Cyrus,Truckell,M,ctruckell2g@squidoo.com,352-613-7850,19 Anthes Court,false
90,Charmian,Oseman,F,coseman2h@indiegogo.com,520-242-0474,02785 Manitowish Drive,true
91,Steffen,Torre,M,storre2i@shop-pro.jp,387-850-6318,54587 Valley Edge Drive,false
92,Jammie,Foale,F,jfoale2j@answers.com,927-263-2990,0143 Sommers Place,false
93,Adeline,Stratley,F,astratley2k@privacy.gov.au,299-819-4789,93012 6th Center,true
94,Jervis,Whittier,M,jwhittier2l@ifeng.com,477-633-1612,003 Westport Crossing,true
95,Serge,Kersey,M,skersey2m@wunderground.com,184-705-5550,51 Artisan Court,true
96,Hermie,Trower,M,htrower2n@economist.com,683-205-6510,040 Bashford Trail,false
97,Eachelle,Grafton-Herbert,F,egraftonherbert2o@vkontakte.ru,487-115-6175,319 Bayside Drive,false
98,Yank,Ehrat,M,yehrat2p@yolasite.com,330-691-0551,65224 Cambridge Place,true
99,Bernadina,Sheaf,F,bsheaf2q@w3.org,222-136-2651,0593 Arrowood Pass,false
100,Hendrick,Blaxter,M,hblaxter2r@surveymonkey.com,321-199-5522,223 Crownhardt Center,true
101,Pinchas,Garshore,M,pgarshore2s@umn.edu,741-454-3883,80 Bluestem Trail,false
102,Bobinette,Colborn,F,bcolborn2t@multiply.com,930-645-4221,667 Farmco Lane,false
103,Meghann,Case,F,mcase2u@barnesandnoble.com,822-302-8319,79501 Eggendart Parkway,false
104,Tara,Solomonides,F,tsolomonides2v@hc360.com,319-560-0850,1668 Westridge Way,false
105,Carolan,Hamal,F,chamal2w@studiopress.com,505-579-2114,79 Gale Avenue,false
106,Mickie,Edmonstone,M,medmonstone2x@springer.com,648-331-1875,03 Buell Road,true
107,Gallagher,Le land,M,gleland2y@aboutads.info,755-670-9680,92877 Bluestem Park,true
108,Marleen,Giovannetti,F,mgiovannetti2z@reference.com,723-608-9383,7 Mcbride Plaza,true
109,Shane,Husselbee,M,shusselbee30@netscape.com,493-592-6282,449 Corry Plaza,false
110,Arluene,But,F,abut31@joomla.org,433-192-6096,18 Marquette Way,false
111,Banky,Komorowski,M,bkomorowski32@linkedin.com,502-944-5118,19 Mcbride Alley,false
112,Marnie,Musprat,F,mmusprat33@scientificamerican.com,150-209-4811,7 Susan Pass,true
113,Drucill,Minchinton,F,dminchinton34@tumblr.com,355-640-5063,16293 Southridge Street,true
114,Danni,Tappor,F,dtappor35@wufoo.com,801-866-7522,2397 Westridge Hill,false
115,Francisco,Doull,M,fdoull36@amazon.co.uk,217-668-8782,84 Sunfield Plaza,true
116,Carlynn,Arbuckel,F,carbuckel37@bing.com,200-908-4105,5 Center Court,true
117,Judd,Haslum,M,jhaslum38@about.com,594-613-9298,1884 Donald Road,false
118,Livvie,Wadley,F,lwadley39@aol.com,272-958-1458,094 Green Ridge Drive,false
119,Edna,Greasley,F,egreasley3a@illinois.edu,492-786-8603,995 Bultman Plaza,true
120,Alastair,Reubbens,M,areubbens3b@samsung.com,737-423-4340,792 Meadow Ridge Court,false
121,Meggie,Murfett,F,mmurfett3c@cnn.com,935-387-6464,08867 Springview Junction,false
122,Penny,Shakesbye,M,pshakesbye3d@devhub.com,254-754-5231,10534 Cardinal Terrace,false
123,Angelique,Warden,F,awarden3e@icq.com,422-996-4812,4 Kensington Terrace,true
124,Sollie,Hexter,M,shexter3f@wufoo.com,529-507-9979,03278 Daystar Plaza,false
125,Albertina,Brampton,F,abrampton3g@walmart.com,600-776-3385,36 Luster Park,true
126,Willabella,Benoi,F,wbenoi3h@amazonaws.com,648-386-0838,6 Paget Court,false
127,Pepe,Stoak,M,pstoak3i@pinterest.com,842-891-1315,2394 Mitchell Terrace,false
128,Jerrie,Strick,M,jstrick3j@technorati.com,541-457-6246,4 Stephen Alley,true
129,Aurlie,Tick,F,atick3k@independent.co.uk,737-297-1415,9 Mifflin Pass,true
130,Benedikt,Ferran,M,bferran3l@google.co.jp,356-963-9597,784 3rd Road,false
131,Wilmar,Geraldi,M,wgeraldi3m@booking.com,570-670-0404,39 Oak Junction,true
132,Ivette,Szymanek,F,iszymanek3n@nba.com,394-262-8539,4760 Eagan Point,false
133,Ransom,Bleiman,M,rbleiman3o@bbc.co.uk,262-213-4859,438 Graceland Drive,false
134,Huey,Cadding,M,hcadding3p@google.com,270-617-7015,517 Oak Terrace,false
135,Merl,Sleith,F,msleith3q@phoca.cz,690-512-9521,89 Schiller Hill,true
136,Fanya,Dossantos,F,fdossantos3r@networksolutions.com,710-209-9347,22518 Division Parkway,true
137,Harmony,Jakeway,F,hjakeway3s@rakuten.co.jp,318-324-9764,919 Crescent Oaks Parkway,true
138,Svend,Spere,M,sspere3t@ted.com,564-704-1257,58 Westridge Plaza,false
139,Malorie,O'Harney,F,moharney3u@howstuffworks.com,552-559-8446,38 Sachtjen Junction,false
140,Van,Scandroot,M,vscandroot3v@cafepress.com,292-191-7227,56 Waubesa Way,false
141,Isabella,Labro,F,ilabro3w@omniture.com,807-530-7886,5928 Ludington Road,false
142,Nessi,Huitt,F,nhuitt3x@rakuten.co.jp,157-929-4539,1249 Kropf Drive,false
143,Richmond,Wheble,M,rwheble3y@google.com,188-978-3946,84 Toban Center,false
144,Stewart,Brunicke,M,sbrunicke3z@springer.com,351-657-7067,8 Holmberg Parkway,false
145,Carroll,Szepe,F,cszepe40@imdb.com,969-552-3432,750 Fairview Junction,false
146,Felipe,Baribal,M,fbaribal41@qq.com,859-436-2592,02 Sunbrook Circle,true
147,Whitney,Graysmark,F,wgraysmark42@desdev.cn,359-893-7063,0 Lake View Plaza,false
148,Fred,Lea,M,flea43@w3.org,659-745-4079,9 Mayfield Trail,true
149,Gerrard,MacNulty,M,gmacnulty44@networkadvertising.org,604-327-8300,89930 Cody Pass,true
150,Nolan,Rapa,M,nrapa45@aol.com,167-984-5249,6235 Bay Plaza,true
151,Marta,Scrase,F,mscrase46@furl.net,830-370-6739,1286 Dunning Hill,false
152,Frankie,Itzakson,F,fitzakson47@cam.ac.uk,782-458-5075,49 Arrowood Road,true
153,Inger,Shotboulte,M,ishotboulte48@lycos.com,339-762-8728,78 Merry Center,true
154,Ellwood,Harnett,M,eharnett49@biglobe.ne.jp,804-450-3762,0892 Colorado Street,true
155,Constantine,Bedder,M,cbedder4a@exblog.jp,755-449-0654,3876 Dayton Circle,false
156,Corbet,Pelcheur,M,cpelcheur4b@cocolog-nifty.com,634-394-7068,8 Oxford Lane,true
157,Madalyn,Winstanley,F,mwinstanley4c@eventbrite.com,276-527-8848,5 Merchant Road,true
158,Kevina,Vaudre,F,kvaudre4d@engadget.com,399-670-2488,3 Bunker Hill Lane,false
159,Nerte,Caygill,F,ncaygill4e@imgur.com,377-734-9326,623 Lindbergh Terrace,false
160,Ive,O'Mohun,M,iomohun4f@fastcompany.com,956-213-1546,7882 Trailsway Parkway,false
161,Garv,Shortcliffe,M,gshortcliffe4g@cdc.gov,199-473-0903,86090 Prentice Pass,false
162,Urson,Keizman,M,ukeizman4h@1688.com,484-758-2273,831 Longview Pass,true
163,Ajay,Heamus,F,aheamus4i@umn.edu,629-334-8647,7768 Bowman Terrace,true
164,Mona,Garfath,F,mgarfath4j@over-blog.com,940-596-6384,0 Scoville Court,false
165,Wrennie,Moulton,F,wmoulton4k@reverbnation.com,455-941-0324,657 Maywood Pass,false
166,Frankie,Quickfall,M,fquickfall4l@bbc.co.uk,554-279-6019,70745 Graedel Lane,true
167,Rea,Trowl,F,rtrowl4m@paginegialle.it,201-786-8680,44 Kipling Place,false
168,Eve,McQuilliam,F,emcquilliam4n@columbia.edu,308-557-2673,16 Melby Lane,false
169,Ogdon,Henaughan,M,ohenaughan4o@samsung.com,277-300-4844,8187 Melby Terrace,false
170,Lindy,Cushe,M,lcushe4p@cmu.edu,677-674-3168,402 Morning Trail,false
171,Finlay,Metham,M,fmetham4q@buzzfeed.com,270-711-0502,10 Shopko Alley,false
172,Ker,Favey,M,kfavey4r@noaa.gov,766-525-1828,6637 Hansons Point,true
173,Giffie,Beak,M,gbeak4s@photobucket.com,613-132-8691,8839 Walton Terrace,false
174,Emera,Stobart,F,estobart4t@answers.com,388-824-7025,43 Ruskin Way,false
175,Feodor,Fellini,M,ffellini4u@intel.com,822-573-6194,0255 Muir Avenue,true
176,Barnett,Ioannidis,M,bioannidis4v@slashdot.org,772-564-3605,37150 Homewood Crossing,false
177,Rosina,Perrygo,F,rperrygo4w@nbcnews.com,293-161-1338,8402 Oriole Crossing,true
178,Jada,Glacken,F,jglacken4x@biblegateway.com,656-612-0465,88694 Continental Place,true
179,Dino,Brabyn,M,dbrabyn4y@paginegialle.it,580-471-1126,7 Forest Place,true
180,Lillis,MacRanald,F,lmacranald4z@seattletimes.com,159-456-9671,6950 Hovde Street,false
181,Phillip,Olyfant,M,polyfant50@stumbleupon.com,398-236-4975,985 Kings Trail,false
182,Ara,Rain,M,arain51@creativecommons.org,157-976-6347,0 Novick Point,false
183,Caitlin,Elven,F,celven52@hubpages.com,853-709-6330,8860 Mcguire Drive,true
184,Anna,Ciraldo,F,aciraldo53@joomla.org,585-294-9262,6509 5th Circle,false
185,Erinn,Joslyn,F,ejoslyn54@blogs.com,448-648-6635,1 Michigan Park,true
186,Rhiamon,Wymer,F,rwymer55@narod.ru,374-837-5163,353 Derek Alley,false
187,Clyve,Tibols,M,ctibols56@com.com,674-115-8009,414 Evergreen Crossing,true
188,Corry,Viggars,F,cviggars57@diigo.com,264-449-2668,8 Judy Court,true
189,Mandie,Merry,F,mmerry58@stumbleupon.com,324-686-1305,66 Dapin Lane,true
190,Dicky,Greet,M,dgreet59@yahoo.com,651-962-3186,4 Valley Edge Park,true
191,Boothe,Feighney,M,bfeighney5a@google.ru,934-264-8869,18 Novick Court,false
192,Raviv,Thunderman,M,rthunderman5b@wiley.com,685-228-5231,16363 Little Fleur Terrace,false
193,Penn,Volleth,M,pvolleth5c@adobe.com,264-817-3953,871 Huxley Point,false
194,Bebe,Ruckman,F,bruckman5d@nyu.edu,530-510-8482,328 Wayridge Court,false
195,Christoffer,Martynikhin,M,cmartynikhin5e@123-reg.co.uk,449-185-1589,0897 High Crossing Parkway,false
196,Adolf,Ashpole,M,aashpole5f@loc.gov,131-486-4965,3985 Stuart Alley,true
197,Yorgo,Hinchon,M,yhinchon5g@nymag.com,259-491-5819,562 Ruskin Point,false
198,Sloane,Schwander,M,sschwander5h@cornell.edu,460-159-9076,2743 Arrowood Lane,false
199,Isacco,Romney,M,iromney5i@shareasale.com,950-738-5900,5 Meadow Vale Avenue,false
200,Burlie,Lancley,M,blancley5j@fc2.com,182-285-2617,7 Canary Pass,false
